{"cameraMode":{"drawMode":0,"name":"Shaded","section":"Shading Mode"},"sceneLighting":false,"audioPlay":false,"sceneViewState":{"showFog":true,"showMaterialUpdate":false,"showSkybox":false,"showFlares":true,"showImageEffects":true,"showParticleSystems":true,"showVisualEffectGraphs":true,"m_FxEnabled":true},"in2DMode":false,"pivot":{"x":0.06955042481422425,"y":0.09662005305290222,"z":0.03492063283920288},"rotation":{"x":-0.1730886995792389,"y":-0.06141692399978638,"z":0.010816377587616444,"w":-0.9829150438308716},"size":0.5000099539756775,"orthographic":false}